ALCOA ARCHITECTURAL PRODUCTS;01/01/2016;-;-;25031;BESANCON Cedex;;-;-;-;-;-;-;-;-;Entreprise;-;-;-;-
ALSACIENNE DE BOIS ET PANNEAUX;13/01/2016;-;-;;;;-;-;-;-;-;-;-;-;Entreprise;-;-;TR;-
ALSTOM POWER SYSTEMS SA THERMAL MANUFACTURING;13/01/2016;-;-;90000;BELFORT;;-;-;-;-;-;-;-;-;Entreprise;-;-;TR;-
ALSTOM TRANSPORT;13/01/2016;-;03 84 54 25 12;75000;PARIS;;-;-;-;-;-;-;-;-;Entreprise;-;-;TR;-
BELFORT MAG ;13/01/2016;-;-;90000;BELFORT;;-;-;-;-;-;-;-;-;Presse ;-;-;TR;-
BRODESIGN;-;-;-;;;;-;-;-;-;-;-;-;-;Entreprise;-;-;-;-
CEB - EMERSON;13/01/2016;-;-;16340;L'Isle d'Espagnac;;-;-;-;-;-;-;-;-;Entreprise;-;-;TR;-
DEFONTAINE;20/01/2016;-;-;31100;TOULOUSE;;-;-;-;-;-;-;-;-;Entreprise;-;-;LV;-
GROUPE ATLANTIC;-;-;+49 6021 4206 604;25000;BESANCON;;-;-;-;-;-;-;-;-;Entreprise;-;-;-;-
HOCHSCHULE ASCHAFFENBURG;27/06/2016;-;-;25206;MONTBELIARD Cedex;;-;-;-;-;-;-;-;-;Enseignement;-;-;-;-
HUSKY INJECTION MOLDING SYSTEM ;20/01/2016;-;-;90008;BELFORT Cedex;;-;-;-;-;-;-;-;-;Entreprise;-;-;LV;-
MEDTRONIC FRANCE SAS;22/01/2016;-;-;50950;SAINT LO CEDEX;;-;-;-;-;-;-;-;-;Entreprise;-;-;LV;-
PAG ELECTRONICS;-;-;-;25503;MORTEAU cedex;;-;-;-;-;-;-;-;-;Entreprise;-;-;-;-
PEUGEOT MOTOCYCLE;26/01/2016;-;+49 681 99 630;70001;VESOUL Cedex;;-;-;-;-;-;-;-;-;Entreprise;-;-;CB;-
Strategy & action;27/06/2016;-;03 81 99 41 43;13015;MARSEILLE;;-;-;-;-;-;-;-;-;Entreprise;-;-;-;-
MABÉO INDUSTRIES;01/01/2016;-;-;64000;PAU;;-;-;-;-;-;-;-;-;Entreprise;-;-;-;-
BTS-ATEX;-;-;-;25001;BESANCON Cedex;;-;-;-;-;-;-;-;-;Entreprise;-;-;-;-
VONROLL;26/10/2016;-;-;39000;LONS LE SAUNIER;;-;-;-;-;-;-;-;-;Entreprise;-;-;AH;-
ESTA;01/01/2016;-;03 88 71 26 33;59023;LILLE cedex;;-;-;-;-;-;-;-;-;Entreprise;-;-;-;-
Senstronic;27/06/2016;-;03 29 82 00 18;68945;MULHOUSE Cedex 9;;-;-;-;-;-;-;-;-;Entreprise;-;-;-;-
A2P FRANCE;04/03/2016;-;03 23 87 84 91;67001;STRASBOURG;;-;-;-;-;-;-;-;-;Entreprise;-;-;-;-
ADECCO;27/06/2016;-;-;80000;AMIENS;;-;-;-;-;-;-;-;-;Entreprise;-;-;-;-
BRO DESIGN;04/03/2016;-;-;75002;PARIS;;-;-;-;-;-;-;-;-;Entreprise;-;-;-;-
Sic-Marking;-;-;-;;;;-;-;-;-;-;-;-;-;Entreprise;-;-;-;-
CRIT;-;-;-;75009;PARIS;;-;-;-;-;-;-;-;-;Entreprise;-;-;-;-
B2F INDUSTRIES;27/06/2016;-;-;;;;-;-;-;-;-;-;-;-;Entreprise;-;-;-;-
LYCÉE COURBET;01/01/2016;-;-;;;;-;-;-;-;-;-;-;-;Enseignement;-;-;-;-
Technology and Strategy;-;-;-;;;;-;-;-;-;-;-;-;-;Entreprise;-;-;-;-
SPRING;27/06/2016;-;03 39 03 39 78;;;;-;-;-;-;-;-;-;-;Entreprise;-;-;-;-
CGPME;01/01/2016;-;03 81 99 22 29 ;;;;-;-;-;-;-;-;-;-;Association;-;-;-;-
MAIRE DE MONTBÉLIARD;01/01/2016;-;-;;;;-;-;-;-;-;-;-;-;Institution;-;-;-;-
CGPME TERRITOIRE DE BELFORT;01/01/2016;-;-;;;;-;-;-;-;-;-;-;-;Institution;-;-;-;-
RÉSEAU ENTREPRENDRE;01/01/2016;-;-;;;;-;-;-;-;-;-;-;-;Association;-;-;-;-
SIGA COVER AG;27/06/2016;-;381320528;;;;-;-;-;-;-;-;-;-;Entreprise;-;-;-;-
SOLUFI;01/01/2016;-;03 84 46 67 85;93400;SAINT;OUEN;-;-;-;-;-;-;-;-;Entreprise;-;-;-;-
AXIANS COMMUNICATION & SYSTÈME;01/01/2016;-;03 89 32 72 04;68945;MULHOUSE;CEDEX;-;-;-;-;-;-;-;-;Entreprise;-;-;-;-
HEPPNER TRANSPORT & LOGISTICS;01/01/2016;-;03 81 54 52 29;75014;PARIS;;-;-;-;-;-;-;-;-;Entreprise;-;-;-;-
PARKEON;26/10/2016;-;-;;;;-;-;-;-;-;-;-;-;Entreprise;-;-;AH;-
TRANSPORTS BERTRAND;-;-;01 40 38 61 36;75014;PARIS;;-;-;-;-;-;-;-;-;Entreprise;-;-;-;-
VOIRIN;26/10/2016;-;03 84 54 97 04;39001LONS;LE;SAUNIER;-;-;-;-;-;-;-;-;Entreprise;-;-;AH;-
AD2P;27/06/2016;-;-;57000;METZ;;-;-;-;-;-;-;-;-;Entreprise;-;-;-;-
CONSEIL DÉPARTEMENTAL DU TERRITOIRE DE BELFORT;01/01/2016;-;01 42 41 41 30;57140;WOIPPY;;-;-;-;-;-;-;-;-;Institution;-;-;-;-
RIS;02/02/2016;-;01 56 37 78 65;29205;MORLAIX;Cedex;-;-;-;-;-;-;-;-;Entreprise;-;-;LV;-
EYENCE;26/10/2016;-;-;67000;STRASBOURG;Cedex;-;-;-;-;-;-;-;-;Entreprise;-;-;AH;-
UIMM;01/01/2016;-;03 81 96 17 52;;;;-;-;-;-;-;-;-;-;Institution;-;-;-;-
CRISTEL;01/01/2016;-;03 81 66 61 09;25000;BESANCON;;-;-;-;-;-;-;-;-;Entreprise;-;-;-;-
ISIFC;01/01/2016;-;03 69 28 20 00;;;;-;-;-;-;-;-;-;-;Association;-;-;-;-
Walter Cabinet;27/06/2016;-;-;54000;NANCY;;-;-;-;-;-;-;-;-;Entreprise;-;-;-;-
UTBM;13/09/2016;-;03 84 57 71 13;54180;HEILLECOURT;Cedex;-;-;-;-;-;-;-;-;Enseignement;-;-;-;-
Unité térritoriale du Térritoire de Belfort;27/06/2016;-;-;25014;BESANCON;Cedex;-;-;-;-;-;-;-;-;Institution;-;-;-;-
LYCÉE SAINTE MARIE;01/01/2016;-;-;70006;VESOUL;;-;-;-;-;-;-;-;-;Enseignement;-;-;-;-
FAURECIA;01/01/2016;-;-;25200;MONTBELIARD;;-;-;-;-;-;-;-;-;Entreprise;-;-;-;-
FONDERIE DE NIEDERBRONN;01/01/2016;-;03 39 03 49 02;90007;BELFORT;Cedex;-;-;-;-;-;-;-;-;Entreprise;-;-;-;-
AGENCE DE DÉVELOPPEMENT;27/06/2016;-;03 81 91 19 85;25200;MONTBELIARD;;-;-;-;-;-;-;-;-;Entreprise;-;-;-;-
QUALIGEST;27/06/2016;-;03 81 99 46 52;75308;PARIS;CEDEX;-;-;-;-;-;-;-;-;Entreprise;-;-;-;-
UNIVERSITÉ FRANCHE COMTÉ ;01/01/2016;-;03 84 75 80 95;;;;-;-;-;-;-;-;-;-;Enseignement;-;-;-;-
CRIT MONTBÉLIARD;01/01/2016;-;03 81 65 49 59;;;;-;-;-;-;-;-;-;-;Entreprise;-;-;-;-
RECTORAT BESANÇON;01/01/2016;-;-;93528;SAINT;DENIS;-;-;-;-;-;-;-;-;Enseignement;-;-;-;-
DIAGER;02/02/2016;-;-;75003;PARIS;;-;-;-;-;-;-;-;-;Entreprise;-;-;CB;-
PSA;01/01/2016;-;-;75815;PARIS;CEDEX;-;-;-;-;-;-;-;-;Entreprise;-;-;-;-
Sofren Group;-;-;-;;;;-;-;-;-;-;-;-;-;Entreprise;-;-;-;-
Therco Ind;-;-;-;90000;BELFORT;;-;-;-;-;-;-;-;-;Entreprise;-;-;-;-
FAURECIA BAVANS;01/01/2016;-;-;25205;MONTBELIARD;cedex;-;-;-;-;-;-;-;-;Entreprise;-;-;-;-
CLUSTER I-CARE RHÔNE-ALPES;-;-;03 81 84 85 94;92220;BAGNEUX;;-;-;-;-;-;-;-;-;Association;-;-;-;-
CRÉDIT AGRICOLE FRANCHE-COMTÉ;27/06/2016;-;-;92220;BAGNEUX;;-;-;-;-;-;-;-;-;Entreprise;-;-;-;-
FILMS VITRAGE ALSACE;27/06/2016;-;03 88 33 82 00;34430;ST;JEAN;-;-;-;-;-;-;-;-;Entreprise;-;-;-;-
SOGETI;26/10/2016;-;-;75231;PARIS;cedex;-;-;-;-;-;-;-;-;Entreprise;-;-;AH;-
BCO DÉVELOPPEMENT ;27/06/2016;-;03 84 46 61 92;25205;MONTBELIARD;cedex;-;-;-;-;-;-;-;-;Entreprise;-;-;-;-
GAUSSIN;26/10/2016;-;03 70 04 10 27;;;;-;-;-;-;-;-;-;-;Entreprise;-;-;AH;-
EST RÉPUBLICAIN;01/01/2016;-;03 84 28 50 02;6290;NICE;Cedex;-;-;-;-;-;-;-;-;Presse ;-;-;-;-
WAGNER;01/01/2016;-;-;90000;BELFORT;;-;-;-;-;-;-;-;-;Entreprise;-;-;-;-
ACAS;27/06/2016;-;-;75015;PARIS;;-;-;-;-;-;-;-;-;Entreprise;-;-;-;-
CCIR DE FRANCHE COMTÉ;01/01/2016;-;-;35051;RENNES;Cedex;-;-;-;-;-;-;-;-;Institution;-;-;-;-
WURTH;27/06/2016;-;-;31500;Toulouse;;-;-;-;-;-;-;-;-;Entreprise;-;-;-;-
GROUPE CITÈLE;01/01/2016;-;03 89 74 55 18;25208;MONTBELIARD;Cedex;-;-;-;-;-;-;-;-;Entreprise;-;-;-;-
FIVES;26/10/2016;-;03 63 38 10 81;DELEMONT;;;-;-;-;-;-;-;-;-;Entreprise;-;-;AH;-
SEGULA TECHNOLOGIES;04/03/2016;-;03 8171 08 73;25211;MONTBELIARD;Cedex;-;-;-;-;-;-;-;-;Entreprise;-;-;-;-
MEDEF NORD FRANCHE COMTÉ;30/03/2016;-;-;90000;BELFORT;;-;-;-;-;-;-;-;-;Association;-;-;LV;-
GE ELECTRIC ENERGY PRODUCTS FRANCE;01/01/2016;-;-;;;;-;-;-;-;-;-;-;-;Entreprise;-;-;-;-
VMC pêche;01/01/2016;-;-;;;;-;-;-;-;-;-;-;-;Entreprise;-;-;-;-
PATISSERIE DEBRIE;-;-;03 39 03 49 03 ;;;;-;-;-;-;-;-;-;-;Entreprise;-;-;-;-
ADEN;01/01/2016;-;-;33084;BORDEAUX;Cedex;-;-;-;-;-;-;-;-;Entreprise;-;-;AH;-
NAMKIN;27/06/2016;-;-;70000;VESOUL;;-;-;-;-;-;-;-;-;Entreprise;-;-;-;-
MADO ET LES AUTRES FSD SARL;27/06/2016;-;03 81 31 88 88;25000;BESANCON;;-;-;-;-;-;-;-;-;Entreprise;-;-;-;-
PAYS DE MONTBÉLIARD AGGGLOMÉRATION;01/01/2016;-;(+)41 44 350 03 41;21310;TROCHERES;;-;-;-;-;-;-;-;-;Institution;-;SUISSE;-;-
IMSD;26/10/2016;-;-;90000;BELFORT;;-;-;-;-;-;-;-;-;Entreprise;-;-;AH;-
CUBEO;26/10/2016;-;03 84 54 54 13;90020;BELFORT;Cedex;-;-;-;-;-;-;-;-;Entreprise;-;-;AH;-
CCI BELFORT;01/01/2016;-;03 84 57 15 14;25031;BESANCON;Cedex;-;-;-;-;-;-;-;-;Institution;-;-;-;-
PREFECTURE  DU TERRITOIRE DE BELFORT;01/01/2016;-;03 81 36 32 10;;;;-;-;-;-;-;-;-;-;Institution;-;-;LV;-
CLAIR NET;26/10/2016;-;-;90000;BELFORT;;-;-;-;-;-;-;-;-;Entreprise;-;-;AH;-
CONSEIL RÉGIONAL FRANCHE COMTÉ;01/01/2016;-;01 53 59 16 82;CH;49;14;-;-;-;-;-;-;-;-;Institution;-;-;-;-
MEDEF;01/01/2016;-;03 89 32 72 20;;;;-;-;-;-;-;-;-;-;Institution;-;-;-;-
CETIM CERMAT;27/06/2016;-;03.81.65.85.00;;;;-;-;-;-;-;-;-;-;Entreprise;-;-;-;-
FRANCE 3 - BESANÇON;01/01/2016;-;03 84 36 33 76;;;;-;-;-;-;-;-;-;-;Presse ;-;-;-;-
EBG;04/03/2016;-;03 25 45 30 03;;;;-;-;-;-;-;-;-;-;Entreprise;-;SUISSE;-;-
STEMYS.IO;26/10/2016;-;01 64 62 35 00;;;;-;-;-;-;-;-;-;-;Entreprise;-;-;AH;-
SICK;26/10/2016;-;-;;;;-;-;-;-;-;-;-;-;Entreprise;-;-;AH;-
PANASONIC;-;-;-;;;;-;-;-;-;-;-;-;-;Entreprise;-;-;-;-
HAGER;-;-;03 84 58 36 53;;;;-;-;-;-;-;-;-;-;Entreprise;-;-;-;-
H2SYS;26/10/2016;-;03 84 46 67 75;;;;-;-;-;-;-;-;-;-;Entreprise;-;-;AH;-
AXIANS;26/10/2016;-;-;;;;-;-;-;-;-;-;-;-;Entreprise;-;-;AH;-
A+ MÉTROLOGIE;-;-;-;;;;-;-;-;-;-;-;-;-;Entreprise;-;-;-;-
FROMAGERIES BEL;01/01/2016;-;03 89 62 80 10;;;;-;-;-;-;-;-;-;-;Entreprise;-;-;-;-
SNEF;26/10/2016;-;-;;;;-;-;-;-;-;-;-;-;Entreprise;-;-;AH;-
MERCEDES BENZ  MOLSHEIM;01/01/2016;-;-;;;;-;-;-;-;-;-;-;-;Entreprise;-;-;-;-
Sedecc;-;-;03 81 30 42 20;;;;-;-;-;-;-;-;-;-;Entreprise;-;-;-;-
CABINET FRACHEBOIS;27/06/2016;-;-;;;;-;-;-;-;-;-;-;-;Entreprise;-;-;-;-
VETOQUINOL;01/01/2016;-;03 89 70 24 14;;;;-;-;-;-;-;-;-;-;Entreprise;-;-;-;-
SIGVARIS;04/03/2016;-;-;;;;-;-;-;-;-;-;-;-;Entreprise;-;-;-;-
I-PLUS;-;-;-;;;;-;-;-;-;-;-;-;-;Entreprise;-;-;-;-
AVIONS MAUBOUSSIN;27/06/2016;-;03 89 33 58 20;;;;-;-;-;-;-;-;-;-;Association;-;-;-;-
SYSTANCIA;26/10/2016;-;-;;;;-;-;-;-;-;-;-;-;Entreprise;-;-;AH;-
SAS AERO-NOV EQUIPEMENTS;-;-;-;;;;-;-;-;-;-;-;-;-;Entreprise;-;-;-;-
CERP;01/01/2016;-;(+)261 32 73 631 60;;;;-;-;-;-;-;-;-;-;Entreprise;-;MADAGASCAR;-;-
STEP UP;26/10/2016;-;09 63 56 18 91;;;;-;-;-;-;-;-;-;-;Entreprise;-;-;AH;-
ODYSSÉE DU CIRQUE;27/06/2016;-;+33 3 90 00 79 20;;;;-;-;-;-;-;-;-;-;Enseignement;-;-;-;-
TECHNOLOGY & STRATEGY;01/01/2016;-;-;;;;-;-;-;-;-;-;-;-;Entreprise;-;-;-;-
PÔLE MÉDICAL DE SAINT ÉTIENNE;01/01/2016;-;03 89 36 33 74;;;;-;-;-;-;-;-;-;-;Association;-;-;LV;-
ALTEN;27/06/2016;-;03 84 21 20 12;;;;-;-;-;-;-;-;-;-;Entreprise;-;-;-;-
LES EDITIONS DU LION;27/06/2016;-;03 89 32 20 28 ;;;;-;-;-;-;-;-;-;-;Presse;-;-;-;-
LORRACH;01/01/2016;-;-;;;;-;-;-;-;-;-;-;-;Entreprise;-;-;-;-
BUROCOM;27/06/2016;-;03 63 78 22 48;;;;-;-;-;-;-;-;-;-;Entreprise;-;-;-;-
MINISTÈRE DE LA DÉFENSE;27/06/2016;-;03 89 32 97 21;;;;-;-;-;-;-;-;-;-;Institution;-;-;-;-
Spring;27/06/2016;-;-;;;;-;-;-;-;-;-;-;-;Entreprise;-;-;-;-
Special Chem;-;-;03 81 900 050;;;;-;-;-;-;-;-;-;-;Entreprise;-;-;-;-
PANOPACK;27/06/2016;-;-;;;;-;-;-;-;-;-;-;-;Entreprise;-;-;-;-
VALLEE DE L'ÉNERGIE;01/01/2016;-;03 84 98 15 62;;;;-;-;-;-;-;-;-;-;Institution;-;-;-;-
ACTEMIUM;26/10/2016;-;-;;;;-;-;-;-;-;-;-;-;Entreprise;-;-;AH;-
GHARIENI FRANCE;-;-;03 84 90 99 27;;;;-;-;-;-;-;-;-;-;Entreprise;-;-;-;-
OPTYMO;01/01/2016;-;+41 61 636 97 53;;;;-;-;-;-;-;-;-;-;Entreprise;-;-;LV;-
BASF;27/06/2016;-;03 68 41 10 66;;;;-;-;-;-;-;-;-;-;Entreprise;-;-;-;-
2CRSI;26/10/2016;-;03 24 21 13 90;;;;-;-;-;-;-;-;-;-;Entreprise;-;SUISSE;AH;-
SCHAUBLIN;26/10/2016;-;-;;;;-;-;-;-;-;-;-;-;Entreprise;-;-;AH;-
MAIRIE DE BELFORT;01/01/2016;-;03 80 63 12 22;;;;-;-;-;-;-;-;-;-;Institution;-;-;-;-
VIRLY;26/10/2016;-;-;;;;-;-;-;-;-;-;-;-;Entreprise;-;-;AH;-
CCI FRANCHE COMTÉ;27/06/2016;-;-;;;;-;-;-;-;-;-;-;-;Institution;-;-;-;-
35E RÉGIMENT D'INFANTERIE;01/01/2016;-;03 88 18 30 80;;;;-;-;-;-;-;-;-;-;Institution;-;-;-;-
OCI;26/10/2016;-;04 76 46 49 01;;;;-;-;-;-;-;-;-;-;Entreprise;-;-;AH;-
COMSOL;26/10/2016;-;-;;;;-;-;-;-;-;-;-;-;Entreprise;-;-;AH;-
LYCÉE CONDORCET ;01/01/2016;-;-;;;;-;-;-;-;-;-;-;-;Enseignement;-;-;-;-
 UIMM FRANCHE COMTÉ;01/01/2016;-;03 29 56 84 48;;;;-;-;-;-;-;-;-;-;Institution;-;-;-;-
MEA;04/03/2016;-;(0)3 39 03 49 07 ;;;;-;-;-;-;-;-;-;-;Entreprise;-;-;-;-
ADNFC - CTIS;15/02/2016;-;-;;;;-;-;-;-;-;-;-;-;Association;-;-;MP;-
HYDRA;-;-;-;;;;-;-;-;-;-;-;-;-;Entreprise;-;-;-;-
CAMPANILE;-;-;03 89 64 56 31;;;;-;-;-;-;-;-;-;-;Entreprise;-;-;-;-
BUCHER HYDRAULICS SAS ;01/01/2016;-;-;;;;-;-;-;-;-;-;-;-;Entreprise;-;-;-;-
CFA - ISA;01/01/2016;-;-;;;;-;-;-;-;-;-;-;-;Institution;-;-;LV;-
FRACAS;-;-;-;;;;-;-;-;-;-;-;-;-;Entreprise;-;-;-;-
CCIT DU JURA;01/01/2016;-;03 89 45 20 77;;;;-;-;-;-;-;-;-;-;Institution;-;-;-;-
INNOV EVENTS;01/01/2016;-;-;;;;-;-;-;-;-;-;-;-;Entreprise;-;-;LV;-
UFC / IUT DE BELFORT-MONTBÉLIARD;27/06/2016;-;-;;;;-;-;-;-;-;-;-;-;Enseignement;-;-;-;-
AII BIOMEDICAL;-;-;-;;;;-;-;-;-;-;-;-;-;Entreprise;-;-;-;-
WEEKLYDEAL;27/06/2016;-;03 81 48 48 73;;;;-;-;-;-;-;-;-;-;Entreprise;-;-;-;-
SAS STATICE INNOVATION;01/01/2016;-;03 84 22 84 98;;;;-;-;-;-;-;-;-;-;Entreprise;-;-;-;-
MECADEP;01/01/2016;-;03 89 32 31 13;;;;-;-;-;-;-;-;-;-;Entreprise;-;-;-;-
CLEMESSY;26/10/2016;-;-;;;;-;-;-;-;-;-;-;-;Entreprise;-;-;AH;-
ARLAFOODS;-;-;-;;;;-;-;-;-;-;-;-;-;Entreprise;-;-;-;-
BLUESOLUTIONS ;27/06/2016;-;03 81 60 74 85;;;;-;-;-;-;-;-;-;-;Entreprise;-;-;-;-
JPL;26/10/2016;-;-;;;;-;-;-;-;-;-;-;-;Entreprise;-;-;AH;-
CAFPI;27/06/2016;-;-;;;;-;-;-;-;-;-;-;-;Entreprise;-;-;-;-
ECU3D;-;-;-;;;;-;-;-;-;-;-;-;-;Entreprise;-;-;-;-
BONGARD;-;-;-;;;;-;-;-;-;-;-;-;-;Entreprise;-;-;-;-
EXCENT;-;-;-;;;;-;-;-;-;-;-;-;-;Entreprise;-;-;-;-
ERAS;-;-;-;;;;-;-;-;-;-;-;-;-;Entreprise;-;-;-;-
LA FOURMI IMMOBILIER;27/06/2016;-;-;;;;-;-;-;-;-;-;-;-;Entreprise;-;-;-;-
AT ZWEIRAD GMBH;27/06/2016;-;03 81 94 65 95;;;;-;-;-;-;-;-;-;-;Entreprise;-;-;-;-
EIMI;26/10/2016;-; +33 (0)1 39 67 47 24;;;;-;-;-;-;-;-;-;-;Entreprise;-;-;AH;-
THALES ELECTRON DEVICES;01/01/2016;-;-;;;;-;-;-;-;-;-;-;-;Entreprise;-;-;-;-
COULEUR SPORT PRODUCTIONS;27/06/2016;-;-;;;;-;-;-;-;-;-;-;-;Entreprise;-;-;-;-
LYCÉE RAOUL FOLLEREAU;01/01/2016;-;-;;;;-;-;-;-;-;-;-;-;Enseignement;-;-;-;-
2A2E;01/01/2016;-;06 77 02 07 62;;;;-;-;-;-;-;-;-;-;Association;-;-;-;-
Videlio IEC;27/06/2016;-;03 88 56 58 26;;;;-;-;-;-;-;-;-;-;Entreprise;-;-;-;-
ALTRAN;26/10/2016;-;-;;;;-;-;-;-;-;-;-;-;Entreprise;-;-;AH;-
HIWIN;27/06/2016;-;-;;;;-;-;-;-;-;-;-;-;Entreprise;-;-;-;-
TECHPEK ;27/06/2016;-;-;;;;-;-;-;-;-;-;-;-;Entreprise;-;-;;-
DANGEL;-;-;06 86 54 87 33;;;;-;-;-;-;-;-;-;-;Entreprise;-;-;-;-
EDENCIA;27/06/2016;-;-;;;;-;-;-;-;-;-;-;-;Entreprise;-;-;-;-
SIEMENS SAS;01/01/2016;-;-;;;;-;-;-;-;-;-;-;-;Entreprise;-;-;-;-
Vision Gain Global;-;-;-;;;;-;-;-;-;-;-;-;-;Entreprise;-;-;-;-
AKKA;-;-;-;;;;-;-;-;-;-;-;-;-;Entreprise;-;-;-;-
CONFORT CHEZ SOI;-;-;03 84 58 75 60;;;;-;-;-;-;-;-;-;-;Entreprise;-;-;-;-
MAIRIE DE BEAUCOURT;01/01/2016;-;03 63 78 21 25;;;;-;-;-;-;-;-;-;-;Institution;-;-;-;-
1ER RÉGIMENT D'ARTILLERIE;01/01/2016;-;03 70 89 98 02;;;;-;-;-;-;-;-;-;-;Institution;-;-;-;-
IDEIS;27/06/2016;-;(0)3 84 55 25 45;;;;-;-;-;-;-;-;-;-;Entreprise;-;-;-;-
ALSTOM;01/01/2016;-;-;;;;-;-;-;-;-;-;-;-;Entreprise;-;-;-;-
CASTMETAL CF;01/01/2016;-;-;;;;-;-;-;-;-;-;-;-;Entreprise;-;-;-;-
GOALIBRE;27/06/2016;-;+46 40 665 67 00;;;;-;-;-;-;-;-;-;-;Entreprise;-;-;-;-
HILDING ANDERS;27/06/2016;-;(+)34 986 900 300;;;;-;-;-;-;-;-;-;-;Entreprise;-;Espagne;-;-
CTAG;26/10/2016;-;03 84 27 80 34;;;;-;-;-;-;-;-;-;-;Entreprise;-;-;-;-
MAIRIE DE GRANDVILLARS;01/01/2016;-;-;;;;-;-;-;-;-;-;-;-;Institution;-;-;-;-
AIRBUS HELICOPTERS;01/01/2016;-;-;;;;-;-;-;-;-;-;-;-;Entreprise;-;-;-;-
INTER LOGISTIC EUROPE;-;-;-;;;;-;-;-;-;-;-;-;-;Entreprise;-;-;-;-
ROIRET;-;-;03 81 93 25 66;;;;-;-;-;-;-;-;-;-;Entreprise;-;-;-;-
Therco IND;27/06/2016;-;-;;;;-;-;-;-;-;-;-;-;Entreprise;-;-;-;-
GIZMO;27/06/2016;-;03 67 10 66 15;;;;-;-;-;-;-;-;-;-;Entreprise;-;-;-;-
SIRFULL;26/10/2016;-;03 81 47 08 99;;;;-;-;-;-;-;-;-;-;Entreprise;-;-;AH;-
BPI FRANCE;27/06/2016;-;-;;;;-;-;-;-;-;-;-;-;Institution;-;-;-;-
NARTEX;26/10/2016;-;03 87 37 53 05;;;;-;-;-;-;-;-;-;-;Entreprise;-;-;AH;-
JUMO;04/03/2016;-;03 84 57 72 54;;;;-;-;-;-;-;-;-;-;Entreprise;-;-;-;-
RAYDEL AUTOMOTIVE;27/06/2016;-;-;;;;-;-;-;-;-;-;-;-;Entreprise;-;-;-;-
LA COMMUNICATION AIMANTE;01/01/2016;-;-;;;;-;-;-;-;-;-;-;-;Entreprise;-;-;MP;-
AXONE SPADONE;27/06/2016;-;-;;;;-;-;-;-;-;-;-;-;Entreprise;-;-;-;-
DYNAMENE;01/01/2016;-;-;;;;-;-;-;-;-;-;-;-;Entreprise;-;-;-;-
TELMO;-;-;03 84 90 27 40;;;;-;-;-;-;-;-;-;-;Entreprise;-;-;-;-
EMBAL PLUS;01/01/2016;-;03 89 30 75 56;;;;-;-;-;-;-;-;-;-;Entreprise;-;-;-;-
LIEBHERR COMPONENTS;26/10/2016;-;03 81 47 91 71;;;;-;-;-;-;-;-;-;-;Entreprise;-;-;AH;-
PLASTIFORM;26/10/2016;-;03 88 49 76 20;;;;-;-;-;-;-;-;-;-;Entreprise;-;-;AH;-
VELUM;26/10/2016;-;03 84 54 54 35;;;;-;-;-;-;-;-;-;-;Entreprise;-;-;AH;-
Vallée de l'Energie;27/06/2016;-;03 84 23 10 26;;;;-;-;-;-;-;-;-;-;Entreprise;-;-;-;-
Wamar Engineering;27/06/2016;-;-;;;;-;-;-;-;-;-;-;-;Entreprise;-;-;-;-
PEUGEOT JAPY;01/01/2016;-;06 50 55 85 44;;;;-;-;-;-;-;-;-;-;Entreprise;-;-;LV;-
MV CONSULTANTS;27/06/2016;-;-;;;;-;-;-;-;-;-;-;-;Entreprise;-;-;-;-
ULTRALU;27/06/2016;-;-;;;;-;-;-;-;-;-;-;-;Entreprise;-;-;-;-
LISI;01/01/2016;-;-;;;;-;-;-;-;-;-;-;-;Entreprise;-;-;LV;-
BUSINESS FRANCE;27/06/2016;-;(+)49 761 5142-273;;;;-;-;-;-;-;-;-;-;Entreprise;-;Allemagne;-;-
FRAUNHOFER;26/10/2016;-;-;;;;-;-;-;-;-;-;-;-;Entreprise;-;-;AH;-
EST SECURITÉ INCENDIE;27/06/2016;-;03 70 99 50 06;;;;-;-;-;-;-;-;-;-;Entreprise;-;-;-;-
VOXELIA;01/01/2016;-;03 84 57 64 61;;;;-;-;-;-;-;-;-;-;ENTREPRISE;-;-;-;-
MAIRIE DE VALDOIE;01/01/2016;-;-;;;;-;-;-;-;-;-;-;-;Institution;-;-;LV;-
WEB GEO SERVICES;26/10/2016;-;03-84-58-68-68 ;;;;-;-;-;-;-;-;-;-;Entreprise;-;-;AH;-
ASSYSTEM;27/10/2016;-;-;;;;-;-;-;-;-;-;-;-;Entreprise;-;-;AH;-
AEF;-;-;03 80 77 04 07;;;;-;-;-;-;-;-;-;-;Presse;-;-;-;-
AEF - Agence Education Formation;03/07/2013;-;-;;;;-;-;-;-;-;-;-;-;Presse;-;-;-;-
AFP Economique;-;-;03.88.15.04.88;;;;-;-;-;-;-;-;-;-;Presse;-;-;-;-
Agence France Presse;11/06/2013;-;03 84 54 24 17;;;;-;-;-;-;-;-;-;-;Presse;-;-;-;-
Belfort Mag;30/04/2013;-;01 56 99 48 53;;;;-;-;-;-;-;-;-;-;Presse;-;-;-;-
CAPITAL;25/06/2015;-;-;;;;-;-;-;-;-;-;-;-;Presse;-;-;-;-
Challenges;-;-;03.81.94.95.95;;;;-;-;-;-;-;-;-;-;Presse;-;-;-;-
Chérie FM;13/03/2014;-;03 84 54 26 08;;;;-;-;-;-;-;-;-;-;Presse;-;-;-;-
Communauté Magazine;07/05/2013;-;01 40 52 20 00;;;;-;-;-;-;-;-;-;-;Presse;-;-;-;-
COURRIER CADRES;A TELEP;-;-;;;;-;-;-;-;-;-;-;-;Presse;-;-;-;-
Dimension ingénieur;11/01/2013;-;01 42 93 17 50;;;;-;-;-;-;-;-;-;-;Presse;-;-;-;-
DIRECTEMPLOI;29/08/2013;-;03 81 87 40 05;;;;-;-;-;-;-;-;-;-;Presse;-;-;-;-
Diversions Aire Urbaine;16/04/2013;-;03 81 66 20 95;;;;-;-;-;-;-;-;-;-;Presse;-;-;-;-
En Direct;10/04/2013;-;03 89 82 85 28;;;;-;-;-;-;-;-;-;-;Presse;-;-;-;-
Entreprises et Carrières;29/08/2013;-;-;;;;-;-;-;-;-;-;-;-;Presse;-;-;-;-
Espace Prépas;-;-;03.81.25.25.25;;;;-;-;-;-;-;-;-;-;Presse;-;-;-;-
Expression Active;15/04/2013;-;03 84 54 54 54;;;;-;-;-;-;-;-;-;-;Presse;-;-;-;-
FACTUEL;07/05/2013;-;-;;;;-;-;-;-;-;-;-;-;Presse;-;-;-;-
Figaro;-;-;03 80 59 90 56;;;;-;-;-;-;-;-;-;-;Presse;-;-;-;-
First Eco Alsace Lorraine;29/08/2013;-;03.81.65.85.00;;;;-;-;-;-;-;-;-;-;Presse;-;-;-;-
France 3 - Besançon;16/04/2013;-;03 81 65 24 83;;;;-;-;-;-;-;-;-;-;Presse;-;-;-;-
France 3 - Montbéliard;30/04/2013;-;03 88 56 67 68;;;;-;-;-;-;-;-;-;-;Presse;-;-;-;-
France 3 Alsace;29/08/2013;-;03 81 65 85 00;;;;-;-;-;-;-;-;-;-;Presse;-;-;-;-
FRANCE 3 BESANCON;A TELEP;-;03.80.77.35.28;;;;-;-;-;-;-;-;-;-;Presse;-;-;-;-
France 3 Bourgogne Franche-Comté;30/04/2013;-; 03 89 45 94 94;;;;-;-;-;-;-;-;-;-;Presse;-;-;-;-
France 3 Haute-Alsace;12/09/2014;-;03 84 57 90 90;;;;-;-;-;-;-;-;-;-;Presse;-;-;-;-
FRANCE BLEU BELFORT MONTBELIARD;A TELEP;-;03 81 95 66 44;;;;-;-;-;-;-;-;-;-;Presse;-;-;-;-
France Bleu Belfort Montbéliard;11/06/2013;-;01 53 56 87 00;;;;-;-;-;-;-;-;-;-;Presse;-;-;-;-
France SOIR;-;-;03 81 61 61 61;;;;-;-;-;-;-;-;-;-;Presse;-;-;-;-
Franche Comté Mag;03/07/2013;-;03 81 61 61 61;;;;-;-;-;-;-;-;-;-;Presse;-;-;-;-
Franche-Comté Mag;16/04/2013;-;03 81 61 61 20;;;;-;-;-;-;-;-;-;-;Presse;-;-;-;-
FRANCHE-COMTÉ MAG;A TELEP;-;-;;;;-;-;-;-;-;-;-;-;Presse;-;-;-;-
FT;-;-;03 84 90 45 00;;;;-;-;-;-;-;-;-;-;Presse;-;-;-;-
FUN RADIO;A TELEP;-;01 43 38 04 05;;;;-;-;-;-;-;-;-;-;Presse;-;-;-;-
GROUPE AEF;-;-;-;;;;-;-;-;-;-;-;-;-;Presse;-;-;-;-
Indépendant;-;-;-;;;;-;-;-;-;-;-;-;-;Presse;-;-;-;-
Journal des Grandes Ecoles;-;-;05 45 94 16 00;;;;-;-;-;-;-;-;-;-;Presse;-;-;-;-
LA CHARANTE LIBRE;-;-;05 62 11 33 00;;;;-;-;-;-;-;-;-;-;Presse;-;-;-;-
LA DEPECHE DU MIDI;-;-;Ne figure plus sur les pages jaunes;;;;-;-;-;-;-;-;-;-;Presse;-;-;-;-
La Gazette de Besançon;16/04/2013;-;03 81 71 04 08;;;;-;-;-;-;-;-;-;-;Presse;-;-;-;-
La Lettre de la Maison de l'Emploi;15/04/2013;-;03.84.21.29.82;;;;-;-;-;-;-;-;-;-;Presse;-;-;-;-
La Lettre Economique - ADEBT;16/04/2013;-;02 33 05 10 00;;;;-;-;-;-;-;-;-;-;Presse;-;-;-;-
LA MANCHE LIBRE;-;-;03.81.67.90.80;;;;-;-;-;-;-;-;-;-;Presse;-;-;-;-
La Presse Bisontine;16/04/2013;-;03 84 97 32 32;;;;-;-;-;-;-;-;-;-;Presse;-;-;-;-
La Presse de Vesoul;15/04/2013;-;04 91 84 45 45;;;;-;-;-;-;-;-;-;-;Presse;-;-;-;-
LA PROVENCE;-;-;05 59 82 20 00;;;;-;-;-;-;-;-;-;-;Presse;-;-;-;-
LA REPUBLIQUE DES PYRENNÉES;-;-;03 81 65 52 52;;;;-;-;-;-;-;-;-;-;Presse;-;-;-;-
La Terre de Chez Nous;15/04/2013;-;03 84 87 16 18;;;;-;-;-;-;-;-;-;-;Presse;-;-;-;-
La Voix du Jura;15/04/2013;-;03 20 78 40 40;;;;-;-;-;-;-;-;-;-;Presse;-;-;-;-
LA VOIX DU NORD;-;-;03.89.32.70.00;;;;-;-;-;-;-;-;-;-;Presse;-;-;-;-
L'Alsace;26/04/2013;-;03.88.52.87.89;;;;-;-;-;-;-;-;-;-;Presse;-;-;-;-
L'Alsace Strasbourg;29/08/2013;-;03 22 82 60 00;;;;-;-;-;-;-;-;-;-;Presse;-;-;-;-
LE COURRIER PICARD;-;-;01 42 21 62 00;;;;-;-;-;-;-;-;-;-;Presse;-;-;-;-
LE FIGARO;-;-;-;;;;-;-;-;-;-;-;-;-;Presse;-;-;-;-
Le Figaro / Le Moci;-;-;06 16 76 90 54;;;;-;-;-;-;-;-;-;-;Presse;-;-;-;-
LE FIGARO ETUDIANT;A TELEP;-;-;;;;-;-;-;-;-;-;-;-;Presse;-;-;-;-
Le Frigo;03/06/2010;-;-;;;;-;-;-;-;-;-;-;-;Presse;-;-;-;-
Le Moci;-;-;-;;;;-;-;-;-;-;-;-;-;Presse;-;-;-;-
Le Monde;-;-;-;;;;-;-;-;-;-;-;-;-;Presse;-;-;-;-
LE MONDE;-;-;-;;;;-;-;-;-;-;-;-;-;Presse;-;-;-;-
LE MONDE, L'ESSENTIEL DU SUP;-;-;-;;;;-;-;-;-;-;-;-;-;Presse;-;-;-;-
Le Nouvel Economiste;-;-;-;;;;-;-;-;-;-;-;-;-;Presse;-;-;-;-
Le Nouvel Observateur;-;-;-;;;;-;-;-;-;-;-;-;-;Presse;-;-;-;-
Le Nouvel Observateur / Challenges;-;-;-;;;;-;-;-;-;-;-;-;-;Presse;-;-;-;-
Le Parisien;-;-;01 40 10 30 30;;;;-;-;-;-;-;-;-;-;Presse;-;-;-;-
LE PARISIEN;-;-;03 89 32 73 77;;;;-;-;-;-;-;-;-;-;Presse;-;-;-;-
Le Pays Comtois     Groupe l'Alsace;03/07/2013;-;01 44 10 10 10;;;;-;-;-;-;-;-;-;-;Presse;-;-;-;-
LE POINT;25/06/2015;-;-;;;;-;-;-;-;-;-;-;-;Presse;-;-;-;-
Le Point;-;-;04 72 22 23 23;;;;-;-;-;-;-;-;-;-;Presse;-;-;-;-
LE PROGRES;-;-;03 84 86 07 27;;;;-;-;-;-;-;-;-;-;Presse;-;-;-;-
Le Progrès;29/08/2013;-;03 87 38 58 00;;;;-;-;-;-;-;-;-;-;Presse;-;-;-;-
LE REPUBLICAIN LORRAIN;-;-;03 87 34 17 89;;;;-;-;-;-;-;-;-;-;Presse;-;-;-;-
Le Républicain Lorrain;29/08/2013;-;02 98 62 11 33;;;;-;-;-;-;-;-;-;-;Presse;-;-;-;-
LE TELEGRAMME DE BREST ET DE L'EST;-;-;03.88.21.57 10;;;;-;-;-;-;-;-;-;-;Presse;-;-;-;-
Les Dernières Nouvelles d'Alsace;29/08/2013;-;-;;;;-;-;-;-;-;-;-;-;Presse;-;-;-;-
Les Echos;-;-;03 81 25 53 74;;;;-;-;-;-;-;-;-;-;Presse;-;-;-;-
Les Echos / Expression Active;21/05/2013;-;-;;;;-;-;-;-;-;-;-;-;Presse;-;-;-;-
Les Echos Business;-;-;03 83 59 80 54;;;;-;-;-;-;-;-;-;-;Presse;-;-;-;-
L'EST REPUBLICAIN;-;-;03.83.59.80.32;;;;-;-;-;-;-;-;-;-;Presse;-;-;-;-
L'Est Républicain - Siège- HOUDEMONT;17/04/2013;-;03 81 21 15 15;;;;-;-;-;-;-;-;-;-;Presse;-;-;-;-
L'Est Républicain Besançon;Janine 20/01/2014;-;03 84 76 40 50;;;;-;-;-;-;-;-;-;-;Presse;-;-;-;-
L'Est Républicain Vesoul;12/04/2013;-;03.81.95.53.33;;;;-;-;-;-;-;-;-;-;Presse;-;-;-;-
L'Est-Républicain - Le Pays / Montbéliard;Janine 22/01/2014;-;03.70.04.10.01;;;;-;-;-;-;-;-;-;-;Presse;-;-;-;-
L'Est-Républicain - Le Pays / Belfort;Janine 17/01/2014;-;03.81.95.53.33;;;;-;-;-;-;-;-;-;-;Presse;-;-;-;-
L'Est-Républicain - Le Pays / Montbéliard;Janine 22/01/2014;-;01 75 55 43 07;;;;-;-;-;-;-;-;-;-;Presse;-;-;-;-
L'Etudiant;Janine 27/06/2014;-;-;;;;-;-;-;-;-;-;-;-;Presse;-;-;-;-
L'ETUDIANT;-;-;-;;;;-;-;-;-;-;-;-;-;Presse;-;-;-;-
L'Expansion;-;-;01 49 22 72 72;;;;-;-;-;-;-;-;-;-;Presse;-;-;-;-
L'HUMANITÉ;-;-;01 42 76 17 89;;;;-;-;-;-;-;-;-;-;Presse;-;-;-;-
LIBERATION;-;-;01 56 79 42 06;;;;-;-;-;-;-;-;-;-;Presse;-;-;-;-
L'USINE NOUVELLE;A TELEP;-;-;;;;-;-;-;-;-;-;-;-;Presse;-;-;-;-
macommune.info;12/04/2013;-;-;;;;-;-;-;-;-;-;-;-;Presse;-;-;-;-
Mairie de BELFORT;Janine 10/01/2014;-;03 81 99 22 90;;;;-;-;-;-;-;-;-;-;Presse;-;-;-;-
Mairie de Montbéliard;17/04/2013;-;01 80 87 84 60;;;;-;-;-;-;-;-;-;-;Presse;-;-;-;-
MCE - Ma Chaîne Etudiante;14/01/2014;-;01 80 87 84 60;;;;-;-;-;-;-;-;-;-;Presse;-;-;-;-
MCE - Ma Chaîne Etudiante ;14/01/2014;-;04 67 07 67 07;;;;-;-;-;-;-;-;-;-;Presse;-;-;-;-
MIDI LIBRE;-;-;01 55 55 99 12;;;;-;-;-;-;-;-;-;-;Presse;-;-;-;-
Ministère de l'Enseignement supérieur et de la Recherche;30/08/2013;-;03 81 99 22 81;;;;-;-;-;-;-;-;-;-;Presse;-;-;-;-
Montbéliard à la une;17/04/2013;-;-;;;;-;-;-;-;-;-;-;-;Presse;-;-;-;-
News Tank Education;-;-;04 93 18 28 38;;;;-;-;-;-;-;-;-;-;Presse;-;-;-;-
NICE MATIN;-;-;-;;;;-;-;-;-;-;-;-;-;Presse;-;-;-;-
Nouvell'Aire Magazine;15/04/2013;-;01 53 10 39 48;;;;-;-;-;-;-;-;-;-;Presse;-;-;-;-
ORS (Officiel Recherche et Supérieur);11/06/2013;-;02 99 32 60 00;;;;-;-;-;-;-;-;-;-;Presse;-;-;-;-
OUEST France;-;-;-;;;;-;-;-;-;-;-;-;-;Presse;-;-;-;-
PONS;06/09/2013;-;03 81 31 89 61;;;;-;-;-;-;-;-;-;-;Presse;-;-;-;-
Puissance 29 - Pays de Mtb Agglomération;05/09/2013;-;+41 (0)32 422 33 56;;;;-;-;-;-;-;-;-;-;Presse;-;-;-;-
Radio Télévision Suisse (RTS);24/02/2011;-;-;;;;-;-;-;-;-;-;-;-;Presse;-;-;-;-
REFRESH;29/08/2013;-;03 84 90 45 05;;;;-;-;-;-;-;-;-;-;Presse;-;-;-;-
RTL 2;Janine 19/02/2014;-;01 48 51 20 93;;;;-;-;-;-;-;-;-;-;Presse;-;-;-;-
SMBG;29/08/2013;-;-;;;;-;-;-;-;-;-;-;-;Presse;-;-;-;-
Studyrama;-;-;-;;;;-;-;-;-;-;-;-;-;Presse;-;-;-;-
Studyrama - Vocatis;-;-;05 56 00 33 33;;;;-;-;-;-;-;-;-;-;Presse;-;-;-;-
SUD OUEST;-;-;03 84 92 42 88;;;;-;-;-;-;-;-;-;-;Presse;-;-;-;-
TGV MAGAZINE;21/05/2013;-;03 81 21 16 01;;;;-;-;-;-;-;-;-;-;Presse;-;-;-;-
TOPO;14/03/2014;-;03 80 48 96 66;;;;-;-;-;-;-;-;-;-;Presse;-;-;-;-
Traces Ecrites;17/04/2013;-;03.84.21.33.63;;;;-;-;-;-;-;-;-;-;Presse;-;-;-;-
Virgin Radio;10/04/2013;-;03 84 90 91 16;;;;-;-;-;-;-;-;-;-;Presse;-;-;-;-
Vivre le Territoire;11/06/2013;-;03 81 25 80 40 ;;;;-;-;-;-;-;-;-;-;Presse;-;-;-;-
Vu du Doubs;11/06/2013;-;-;;;;-;-;-;-;-;-;-;-;Presse;-;-;-;-
Webaireinfo;-;-;03 84 90 11 12;;;;-;-;-;-;-;-;-;-;Presse;-;-;-;-
Zoom;21/05/2013;-;(+)41 32 633 6195;;;;-;-;-;-;-;-;-;-;Presse;-;SUISSE;-;-
XPOLOGISTICS;04/11/2016;-;avenue des 3 chênes - Bat 51;;;;-;-;-;-;-;-;-;-;Entreprise;-;-;AH;-
ACTEMIUM MAINTENANCE BELFORT;-;-;1, av de la gare tgvMeroux;;;;-;-;-;-;-;-;-;-;Entreprise;-;-;AH;-
ADNFC;-;-;La Jonxion - 1 avenue de la gare TGV;;;;-;-;-;-;-;-;-;-;Entreprise;-;-;AH;-
ADN-FC;-;-;1 rue des Alpes;;;;-;-;-;-;-;-;-;-;Entreprise;-;-;AH;-
AEMO AUTOMATION;-;-;-;;;;-;-;-;-;-;-;-;-;Entreprise;-;-;AH;-
ATELIERS BUSCH;-;-;8 impasse de la sapinière;;;;-;-;-;-;-;-;-;-;Entreprise;-;-;AH;-
AUCUNE;-;-;avenue du Plessis de Richelieu;;;;-;-;-;-;-;-;-;-;Entreprise;-;-;AH;-
BANQUE DE FRANCE;-;-;-;;;;-;-;-;-;-;-;-;-;Entreprise;-;-;AH;-
CABINET WALTER;-;-;5 route de Guewenheim ;;;;-;-;-;-;-;-;-;-;Entreprise;-;-;AH;-
CÂBLAGE PROTOTYPE SERVICE;-;-;-;;;;-;-;-;-;-;-;-;-;Entreprise;-;-;AH;-
CLUB AFFAIRES NORD FRANCHE COMTE;-;-;3 rue du docteur fréry;;;;-;-;-;-;-;-;-;-;Entreprise;-;-;AH;-
DIGIT-PRIME;-;-;10 rue des bruyères;;;;-;-;-;-;-;-;-;-;Entreprise;-;-;AH;-
FAURECIA EMISSIONS CONTROL TECHNOLOGIES;-;-;4 Rue de la Fonderie;;;;-;-;-;-;-;-;-;-;Entreprise;-;-;AH;-
FSH WELDING GROUP;-;-;10 bis rue des commandos;;;;-;-;-;-;-;-;-;-;Entreprise;-;-;AH;-
GD CONSEIL;-;-;-;;;;-;-;-;-;-;-;-;-;Entreprise;-;-;AH;-
HAGER GROUP;-;-;Place de l'Europe;;;;-;-;-;-;-;-;-;-;Entreprise;-;-;AH;-
MIFE;-;-;2 rue des fleurs ;;;;-;-;-;-;-;-;-;-;Entreprise;-;-;AH;-
NEFAB;-;-;12 avenue des trois chênes;;;;-;-;-;-;-;-;-;-;Entreprise;-;-;AH;-
NIPSON TECHNOLOGY;-;-;15 rue des Clavières ;;;;-;-;-;-;-;-;-;-;Entreprise;-;-;AH;-
ORANGE ;-;-;40 rue Marc Seguin;;;;-;-;-;-;-;-;-;-;Entreprise;-;-;AH;-
POLE VÉHICULE DU FUTUR;-;-;2 Place Bernard Thierry MIEG;;;;-;-;-;-;-;-;-;-;Entreprise;-;-;AH;-
SCAITA;-;-;-;;;;-;-;-;-;-;-;-;-;Entreprise;-;-;AH;-
SYNAPSE-O-COEUR;-;-;44 faubourg de France;;;;-;-;-;-;-;-;-;-;Entreprise;-;-;AH;-
UP-RISE SAS;-;-;-;;;;-;-;-;-;-;-;-;-;Entreprise;-;-;AH;-
